s_id,username
1,Reddit 1
2,Reddit 10
3,Reddit 100
4,Reddit 101
5,Reddit 102
6,Reddit 103
7,Reddit 104
8,Reddit 105
9,Reddit 106
10,Reddit 107
11,Reddit 108
12,Reddit 109
13,Reddit 11
14,Reddit 110
15,Reddit 111
16,Reddit 112
17,Reddit 113
18,Reddit 114
19,Reddit 115
20,Reddit 116
21,Reddit 117
22,Reddit 118
23,Reddit 119
24,Reddit 12
25,Reddit 120
26,Reddit 121
27,Reddit 122
28,Reddit 123
29,Reddit 124
30,Reddit 125
31,Reddit 126
32,Reddit 127
33,Reddit 128
34,Reddit 129
35,Reddit 13
36,Reddit 130
37,Reddit 131
38,Reddit 132
39,Reddit 133
40,Reddit 134
41,Reddit 135
42,Reddit 136
43,Reddit 137
44,Reddit 138
45,Reddit 139
46,Reddit 14
47,Reddit 140
48,Reddit 141
49,Reddit 142
50,Reddit 143
51,Reddit 144
52,Reddit 145
53,Reddit 146
54,Reddit 147
55,Reddit 148
56,Reddit 149
57,Reddit 15
58,Reddit 150
59,Reddit 151
60,Reddit 152
61,Reddit 153
62,Reddit 154
63,Reddit 155
64,Reddit 156
65,Reddit 157
66,Reddit 158
67,Reddit 159
68,Reddit 16
69,Reddit 160
70,Reddit 161
71,Reddit 162
72,Reddit 163
73,Reddit 164
74,Reddit 165
75,Reddit 166
76,Reddit 167
77,Reddit 168
78,Reddit 169
79,Reddit 17
80,Reddit 170
81,Reddit 171
82,Reddit 172
83,Reddit 173
84,Reddit 174
85,Reddit 175
86,Reddit 176
87,Reddit 177
88,Reddit 178
89,Reddit 179
90,Reddit 18
91,Reddit 180
92,Reddit 181
93,Reddit 182
94,Reddit 183
95,Reddit 184
96,Reddit 185
97,Reddit 186
98,Reddit 187
99,Reddit 188
100,Reddit 189
101,Reddit 19
102,Reddit 190
103,Reddit 191
104,Reddit 192
105,Reddit 193
106,Reddit 194
107,Reddit 195
108,Reddit 196
109,Reddit 197
110,Reddit 198
111,Reddit 199
112,Reddit 2
113,Reddit 20
114,Reddit 200
115,Reddit 201
116,Reddit 202
117,Reddit 203
118,Reddit 204
119,Reddit 205
120,Reddit 206
121,Reddit 207
122,Reddit 208
123,Reddit 209
124,Reddit 21
125,Reddit 210
126,Reddit 211
127,Reddit 212
128,Reddit 213
129,Reddit 214
130,Reddit 215
131,Reddit 216
132,Reddit 217
133,Reddit 218
134,Reddit 219
135,Reddit 22
136,Reddit 220
137,Reddit 221
138,Reddit 222
139,Reddit 223
140,Reddit 224
141,Reddit 226
142,Reddit 227
143,Reddit 228
144,Reddit 229
145,Reddit 23
146,Reddit 230
147,Reddit 231
148,Reddit 232
149,Reddit 233
150,Reddit 234
151,Reddit 235
152,Reddit 236
153,Reddit 237
154,Reddit 238
155,Reddit 239
156,Reddit 24
157,Reddit 240
158,Reddit 241
159,Reddit 242
160,Reddit 243
161,Reddit 244
162,Reddit 245
163,Reddit 246
164,Reddit 247
165,Reddit 248
166,Reddit 249
167,Reddit 25
168,Reddit 250
169,Reddit 251
170,Reddit 252
171,Reddit 253
172,Reddit 254
173,Reddit 255
174,Reddit 256
175,Reddit 257
176,Reddit 258
177,Reddit 259
178,Reddit 26
179,Reddit 261
180,Reddit 262
181,Reddit 263
182,Reddit 264
183,Reddit 265
184,Reddit 266
185,Reddit 267
186,Reddit 268
187,Reddit 269
188,Reddit 27
189,Reddit 270
190,Reddit 271
191,Reddit 272
192,Reddit 273
193,Reddit 274
194,Reddit 275
195,Reddit 276
196,Reddit 278
197,Reddit 279
198,Reddit 28
199,Reddit 280
200,Reddit 281
201,Reddit 282
202,Reddit 283
203,Reddit 284
204,Reddit 285
205,Reddit 286
206,Reddit 287
207,Reddit 288
208,Reddit 289
209,Reddit 29
210,Reddit 290
211,Reddit 291
212,Reddit 292
213,Reddit 293
214,Reddit 294
215,Reddit 295
216,Reddit 296
217,Reddit 297
218,Reddit 298
219,Reddit 299
220,Reddit 3
221,Reddit 30
222,Reddit 300
223,Reddit 301
224,Reddit 302
225,Reddit 303
226,Reddit 304
227,Reddit 305
228,Reddit 306
229,Reddit 307
230,Reddit 308
231,Reddit 309
232,Reddit 31
233,Reddit 310
234,Reddit 311
235,Reddit 312
236,Reddit 313
237,Reddit 314
238,Reddit 315
239,Reddit 316
240,Reddit 317
241,Reddit 318
242,Reddit 319
243,Reddit 32
244,Reddit 321
245,Reddit 322
246,Reddit 323
247,Reddit 324
248,Reddit 325
249,Reddit 326
250,Reddit 327
251,Reddit 328
252,Reddit 329
253,Reddit 33
254,Reddit 330
255,Reddit 332
256,Reddit 333
257,Reddit 34
258,Reddit 35
259,Reddit 36
260,Reddit 37
261,Reddit 38
262,Reddit 39
263,Reddit 4
264,Reddit 40
265,Reddit 41
266,Reddit 42
267,Reddit 43
268,Reddit 44
269,Reddit 45
270,Reddit 46
271,Reddit 47
272,Reddit 48
273,Reddit 49
274,Reddit 5
275,Reddit 50
276,Reddit 51
277,Reddit 52
278,Reddit 53
279,Reddit 54
280,Reddit 55
281,Reddit 56
282,Reddit 57
283,Reddit 58
284,Reddit 59
285,Reddit 6
286,Reddit 60
287,Reddit 61
288,Reddit 62
289,Reddit 63
290,Reddit 64
291,Reddit 65
292,Reddit 66
293,Reddit 67
294,Reddit 68
295,Reddit 69
296,Reddit 7
297,Reddit 70
298,Reddit 71
299,Reddit 74
300,Reddit 75
301,Reddit 76
302,Reddit 77
303,Reddit 78
304,Reddit 79
305,Reddit 8
306,Reddit 80
307,Reddit 81
308,Reddit 82
309,Reddit 83
310,Reddit 84
311,Reddit 85
312,Reddit 86
313,Reddit 87
314,Reddit 88
315,Reddit 89
316,Reddit 9
317,Reddit 90
318,Reddit 91
319,Reddit 92
320,Reddit 93
321,Reddit 94
322,Reddit 95
323,Reddit 96
324,Reddit 97
325,Reddit 98
326,Reddit 99
