s_id,student_name,birthday,gender,Email,pwd
1,Reddit 1,NULL,M,reddit1@uwaterloo.ca,1234
2,Reddit 10,NULL,M,reddit10@uwaterloo.ca,1234
3,Reddit 100,NULL,M,reddit100@uwaterloo.ca,1234
4,Reddit 101,NULL,F,reddit101@uwaterloo.ca,1234
5,Reddit 102,NULL,M,reddit102@uwaterloo.ca,1234
6,Reddit 103,NULL,M,reddit103@uwaterloo.ca,1234
7,Reddit 104,NULL,O,reddit104@uwaterloo.ca,1234
8,Reddit 105,NULL,M,reddit105@uwaterloo.ca,1234
9,Reddit 106,NULL,M,reddit106@uwaterloo.ca,1234
10,Reddit 107,NULL,F,reddit107@uwaterloo.ca,1234
11,Reddit 108,NULL,M,reddit108@uwaterloo.ca,1234
12,Reddit 109,NULL,F,reddit109@uwaterloo.ca,1234
13,Reddit 11,NULL,O,reddit11@uwaterloo.ca,1234
14,Reddit 110,NULL,F,reddit110@uwaterloo.ca,1234
15,Reddit 111,NULL,M,reddit111@uwaterloo.ca,1234
16,Reddit 112,NULL,O,reddit112@uwaterloo.ca,1234
17,Reddit 113,NULL,M,reddit113@uwaterloo.ca,1234
18,Reddit 114,NULL,F,reddit114@uwaterloo.ca,1234
19,Reddit 115,NULL,M,reddit115@uwaterloo.ca,1234
20,Reddit 116,NULL,M,reddit116@uwaterloo.ca,1234
21,Reddit 117,NULL,F,reddit117@uwaterloo.ca,1234
22,Reddit 118,NULL,M,reddit118@uwaterloo.ca,1234
23,Reddit 119,NULL,F,reddit119@uwaterloo.ca,1234
24,Reddit 12,NULL,M,reddit12@uwaterloo.ca,1234
25,Reddit 120,NULL,M,reddit120@uwaterloo.ca,1234
26,Reddit 121,NULL,O,reddit121@uwaterloo.ca,1234
27,Reddit 122,NULL,M,reddit122@uwaterloo.ca,1234
28,Reddit 123,NULL,F,reddit123@uwaterloo.ca,1234
29,Reddit 124,NULL,F,reddit124@uwaterloo.ca,1234
30,Reddit 125,NULL,M,reddit125@uwaterloo.ca,1234
31,Reddit 126,NULL,M,reddit126@uwaterloo.ca,1234
32,Reddit 127,NULL,F,reddit127@uwaterloo.ca,1234
33,Reddit 128,NULL,M,reddit128@uwaterloo.ca,1234
34,Reddit 129,NULL,M,reddit129@uwaterloo.ca,1234
35,Reddit 13,NULL,O,reddit13@uwaterloo.ca,1234
36,Reddit 130,NULL,M,reddit130@uwaterloo.ca,1234
37,Reddit 131,NULL,F,reddit131@uwaterloo.ca,1234
38,Reddit 132,NULL,O,reddit132@uwaterloo.ca,1234
39,Reddit 133,NULL,F,reddit133@uwaterloo.ca,1234
40,Reddit 134,NULL,O,reddit134@uwaterloo.ca,1234
41,Reddit 135,NULL,F,reddit135@uwaterloo.ca,1234
42,Reddit 136,NULL,M,reddit136@uwaterloo.ca,1234
43,Reddit 137,NULL,M,reddit137@uwaterloo.ca,1234
44,Reddit 138,NULL,M,reddit138@uwaterloo.ca,1234
45,Reddit 139,NULL,O,reddit139@uwaterloo.ca,1234
46,Reddit 14,NULL,F,reddit14@uwaterloo.ca,1234
47,Reddit 140,NULL,F,reddit140@uwaterloo.ca,1234
48,Reddit 141,NULL,F,reddit141@uwaterloo.ca,1234
49,Reddit 142,NULL,M,reddit142@uwaterloo.ca,1234
50,Reddit 143,NULL,F,reddit143@uwaterloo.ca,1234
51,Reddit 144,NULL,M,reddit144@uwaterloo.ca,1234
52,Reddit 145,NULL,O,reddit145@uwaterloo.ca,1234
53,Reddit 146,NULL,O,reddit146@uwaterloo.ca,1234
54,Reddit 147,NULL,M,reddit147@uwaterloo.ca,1234
55,Reddit 148,NULL,M,reddit148@uwaterloo.ca,1234
56,Reddit 149,NULL,M,reddit149@uwaterloo.ca,1234
57,Reddit 15,NULL,F,reddit15@uwaterloo.ca,1234
58,Reddit 150,NULL,M,reddit150@uwaterloo.ca,1234
59,Reddit 151,NULL,O,reddit151@uwaterloo.ca,1234
60,Reddit 152,NULL,O,reddit152@uwaterloo.ca,1234
61,Reddit 153,NULL,M,reddit153@uwaterloo.ca,1234
62,Reddit 154,NULL,M,reddit154@uwaterloo.ca,1234
63,Reddit 155,NULL,F,reddit155@uwaterloo.ca,1234
64,Reddit 156,NULL,O,reddit156@uwaterloo.ca,1234
65,Reddit 157,NULL,O,reddit157@uwaterloo.ca,1234
66,Reddit 158,NULL,M,reddit158@uwaterloo.ca,1234
67,Reddit 159,NULL,M,reddit159@uwaterloo.ca,1234
68,Reddit 16,NULL,F,reddit16@uwaterloo.ca,1234
69,Reddit 160,NULL,F,reddit160@uwaterloo.ca,1234
70,Reddit 161,NULL,M,reddit161@uwaterloo.ca,1234
71,Reddit 162,NULL,M,reddit162@uwaterloo.ca,1234
72,Reddit 163,NULL,M,reddit163@uwaterloo.ca,1234
73,Reddit 164,NULL,M,reddit164@uwaterloo.ca,1234
74,Reddit 165,NULL,M,reddit165@uwaterloo.ca,1234
75,Reddit 166,NULL,F,reddit166@uwaterloo.ca,1234
76,Reddit 167,NULL,F,reddit167@uwaterloo.ca,1234
77,Reddit 168,NULL,F,reddit168@uwaterloo.ca,1234
78,Reddit 169,NULL,M,reddit169@uwaterloo.ca,1234
79,Reddit 17,NULL,M,reddit17@uwaterloo.ca,1234
80,Reddit 170,NULL,F,reddit170@uwaterloo.ca,1234
81,Reddit 171,NULL,F,reddit171@uwaterloo.ca,1234
82,Reddit 172,NULL,M,reddit172@uwaterloo.ca,1234
83,Reddit 173,NULL,M,reddit173@uwaterloo.ca,1234
84,Reddit 174,NULL,F,reddit174@uwaterloo.ca,1234
85,Reddit 175,NULL,F,reddit175@uwaterloo.ca,1234
86,Reddit 176,NULL,M,reddit176@uwaterloo.ca,1234
87,Reddit 177,NULL,M,reddit177@uwaterloo.ca,1234
88,Reddit 178,NULL,M,reddit178@uwaterloo.ca,1234
89,Reddit 179,NULL,M,reddit179@uwaterloo.ca,1234
90,Reddit 18,NULL,M,reddit18@uwaterloo.ca,1234
91,Reddit 180,NULL,O,reddit180@uwaterloo.ca,1234
92,Reddit 181,NULL,M,reddit181@uwaterloo.ca,1234
93,Reddit 182,NULL,F,reddit182@uwaterloo.ca,1234
94,Reddit 183,NULL,F,reddit183@uwaterloo.ca,1234
95,Reddit 184,NULL,M,reddit184@uwaterloo.ca,1234
96,Reddit 185,NULL,O,reddit185@uwaterloo.ca,1234
97,Reddit 186,NULL,F,reddit186@uwaterloo.ca,1234
98,Reddit 187,NULL,O,reddit187@uwaterloo.ca,1234
99,Reddit 188,NULL,O,reddit188@uwaterloo.ca,1234
100,Reddit 189,NULL,M,reddit189@uwaterloo.ca,1234
101,Reddit 19,NULL,M,reddit19@uwaterloo.ca,1234
102,Reddit 190,NULL,F,reddit190@uwaterloo.ca,1234
103,Reddit 191,NULL,O,reddit191@uwaterloo.ca,1234
104,Reddit 192,NULL,F,reddit192@uwaterloo.ca,1234
105,Reddit 193,NULL,F,reddit193@uwaterloo.ca,1234
106,Reddit 194,NULL,F,reddit194@uwaterloo.ca,1234
107,Reddit 195,NULL,M,reddit195@uwaterloo.ca,1234
108,Reddit 196,NULL,M,reddit196@uwaterloo.ca,1234
109,Reddit 197,NULL,F,reddit197@uwaterloo.ca,1234
110,Reddit 198,NULL,F,reddit198@uwaterloo.ca,1234
111,Reddit 199,NULL,F,reddit199@uwaterloo.ca,1234
112,Reddit 2,NULL,O,reddit2@uwaterloo.ca,1234
113,Reddit 20,NULL,M,reddit20@uwaterloo.ca,1234
114,Reddit 200,NULL,O,reddit200@uwaterloo.ca,1234
115,Reddit 201,NULL,O,reddit201@uwaterloo.ca,1234
116,Reddit 202,NULL,M,reddit202@uwaterloo.ca,1234
117,Reddit 203,NULL,F,reddit203@uwaterloo.ca,1234
118,Reddit 204,NULL,M,reddit204@uwaterloo.ca,1234
119,Reddit 205,NULL,F,reddit205@uwaterloo.ca,1234
120,Reddit 206,NULL,O,reddit206@uwaterloo.ca,1234
121,Reddit 207,NULL,M,reddit207@uwaterloo.ca,1234
122,Reddit 208,NULL,M,reddit208@uwaterloo.ca,1234
123,Reddit 209,NULL,O,reddit209@uwaterloo.ca,1234
124,Reddit 21,NULL,O,reddit21@uwaterloo.ca,1234
125,Reddit 210,NULL,M,reddit210@uwaterloo.ca,1234
126,Reddit 211,NULL,M,reddit211@uwaterloo.ca,1234
127,Reddit 212,NULL,M,reddit212@uwaterloo.ca,1234
128,Reddit 213,NULL,A,reddit213@uwaterloo.ca,1234
129,Reddit 214,NULL,M,reddit214@uwaterloo.ca,1234
130,Reddit 215,NULL,M,reddit215@uwaterloo.ca,1234
131,Reddit 216,NULL,M,reddit216@uwaterloo.ca,1234
132,Reddit 217,NULL,O,reddit217@uwaterloo.ca,1234
133,Reddit 218,NULL,F,reddit218@uwaterloo.ca,1234
134,Reddit 219,NULL,M,reddit219@uwaterloo.ca,1234
135,Reddit 22,NULL,M,reddit22@uwaterloo.ca,1234
136,Reddit 220,NULL,M,reddit220@uwaterloo.ca,1234
137,Reddit 221,NULL,F,reddit221@uwaterloo.ca,1234
138,Reddit 222,NULL,M,reddit222@uwaterloo.ca,1234
139,Reddit 223,NULL,O,reddit223@uwaterloo.ca,1234
140,Reddit 224,NULL,F,reddit224@uwaterloo.ca,1234
141,Reddit 226,NULL,F,reddit226@uwaterloo.ca,1234
142,Reddit 227,NULL,M,reddit227@uwaterloo.ca,1234
143,Reddit 228,NULL,M,reddit228@uwaterloo.ca,1234
144,Reddit 229,NULL,F,reddit229@uwaterloo.ca,1234
145,Reddit 23,NULL,M,reddit23@uwaterloo.ca,1234
146,Reddit 230,NULL,M,reddit230@uwaterloo.ca,1234
147,Reddit 231,NULL,O,reddit231@uwaterloo.ca,1234
148,Reddit 232,NULL,O,reddit232@uwaterloo.ca,1234
149,Reddit 233,NULL,O,reddit233@uwaterloo.ca,1234
150,Reddit 234,NULL,F,reddit234@uwaterloo.ca,1234
151,Reddit 235,NULL,M,reddit235@uwaterloo.ca,1234
152,Reddit 236,NULL,F,reddit236@uwaterloo.ca,1234
153,Reddit 237,NULL,M,reddit237@uwaterloo.ca,1234
154,Reddit 238,NULL,O,reddit238@uwaterloo.ca,1234
155,Reddit 239,NULL,F,reddit239@uwaterloo.ca,1234
156,Reddit 24,NULL,M,reddit24@uwaterloo.ca,1234
157,Reddit 240,NULL,O,reddit240@uwaterloo.ca,1234
158,Reddit 241,NULL,M,reddit241@uwaterloo.ca,1234
159,Reddit 242,NULL,F,reddit242@uwaterloo.ca,1234
160,Reddit 243,NULL,M,reddit243@uwaterloo.ca,1234
161,Reddit 244,NULL,F,reddit244@uwaterloo.ca,1234
162,Reddit 245,NULL,F,reddit245@uwaterloo.ca,1234
163,Reddit 246,NULL,M,reddit246@uwaterloo.ca,1234
164,Reddit 247,NULL,O,reddit247@uwaterloo.ca,1234
165,Reddit 248,NULL,F,reddit248@uwaterloo.ca,1234
166,Reddit 249,NULL,O,reddit249@uwaterloo.ca,1234
167,Reddit 25,NULL,M,reddit25@uwaterloo.ca,1234
168,Reddit 250,NULL,F,reddit250@uwaterloo.ca,1234
169,Reddit 251,NULL,M,reddit251@uwaterloo.ca,1234
170,Reddit 252,NULL,O,reddit252@uwaterloo.ca,1234
171,Reddit 253,NULL,M,reddit253@uwaterloo.ca,1234
172,Reddit 254,NULL,F,reddit254@uwaterloo.ca,1234
173,Reddit 255,NULL,O,reddit255@uwaterloo.ca,1234
174,Reddit 256,NULL,M,reddit256@uwaterloo.ca,1234
175,Reddit 257,NULL,M,reddit257@uwaterloo.ca,1234
176,Reddit 258,NULL,M,reddit258@uwaterloo.ca,1234
177,Reddit 259,NULL,O,reddit259@uwaterloo.ca,1234
178,Reddit 26,NULL,F,reddit26@uwaterloo.ca,1234
179,Reddit 261,NULL,F,reddit261@uwaterloo.ca,1234
180,Reddit 262,NULL,F,reddit262@uwaterloo.ca,1234
181,Reddit 263,NULL,F,reddit263@uwaterloo.ca,1234
182,Reddit 264,NULL,M,reddit264@uwaterloo.ca,1234
183,Reddit 265,NULL,F,reddit265@uwaterloo.ca,1234
184,Reddit 266,NULL,F,reddit266@uwaterloo.ca,1234
185,Reddit 267,NULL,M,reddit267@uwaterloo.ca,1234
186,Reddit 268,NULL,M,reddit268@uwaterloo.ca,1234
187,Reddit 269,NULL,M,reddit269@uwaterloo.ca,1234
188,Reddit 27,NULL,O,reddit27@uwaterloo.ca,1234
189,Reddit 270,NULL,F,reddit270@uwaterloo.ca,1234
190,Reddit 271,NULL,O,reddit271@uwaterloo.ca,1234
191,Reddit 272,NULL,O,reddit272@uwaterloo.ca,1234
192,Reddit 273,NULL,F,reddit273@uwaterloo.ca,1234
193,Reddit 274,NULL,M,reddit274@uwaterloo.ca,1234
194,Reddit 275,NULL,O,reddit275@uwaterloo.ca,1234
195,Reddit 276,NULL,M,reddit276@uwaterloo.ca,1234
196,Reddit 278,NULL,M,reddit278@uwaterloo.ca,1234
197,Reddit 279,NULL,F,reddit279@uwaterloo.ca,1234
198,Reddit 28,NULL,O,reddit28@uwaterloo.ca,1234
199,Reddit 280,NULL,F,reddit280@uwaterloo.ca,1234
200,Reddit 281,NULL,O,reddit281@uwaterloo.ca,1234
201,Reddit 282,NULL,O,reddit282@uwaterloo.ca,1234
202,Reddit 283,NULL,M,reddit283@uwaterloo.ca,1234
203,Reddit 284,NULL,O,reddit284@uwaterloo.ca,1234
204,Reddit 285,NULL,M,reddit285@uwaterloo.ca,1234
205,Reddit 286,NULL,M,reddit286@uwaterloo.ca,1234
206,Reddit 287,NULL,O,reddit287@uwaterloo.ca,1234
207,Reddit 288,NULL,F,reddit288@uwaterloo.ca,1234
208,Reddit 289,NULL,O,reddit289@uwaterloo.ca,1234
209,Reddit 29,NULL,O,reddit29@uwaterloo.ca,1234
210,Reddit 290,NULL,M,reddit290@uwaterloo.ca,1234
211,Reddit 291,NULL,F,reddit291@uwaterloo.ca,1234
212,Reddit 292,NULL,F,reddit292@uwaterloo.ca,1234
213,Reddit 293,NULL,M,reddit293@uwaterloo.ca,1234
214,Reddit 294,NULL,M,reddit294@uwaterloo.ca,1234
215,Reddit 295,NULL,M,reddit295@uwaterloo.ca,1234
216,Reddit 296,NULL,M,reddit296@uwaterloo.ca,1234
217,Reddit 297,NULL,F,reddit297@uwaterloo.ca,1234
218,Reddit 298,NULL,F,reddit298@uwaterloo.ca,1234
219,Reddit 299,NULL,M,reddit299@uwaterloo.ca,1234
220,Reddit 3,NULL,F,reddit3@uwaterloo.ca,1234
221,Reddit 30,NULL,F,reddit30@uwaterloo.ca,1234
222,Reddit 300,NULL,F,reddit300@uwaterloo.ca,1234
223,Reddit 301,NULL,M,reddit301@uwaterloo.ca,1234
224,Reddit 302,NULL,M,reddit302@uwaterloo.ca,1234
225,Reddit 303,NULL,O,reddit303@uwaterloo.ca,1234
226,Reddit 304,NULL,M,reddit304@uwaterloo.ca,1234
227,Reddit 305,NULL,O,reddit305@uwaterloo.ca,1234
228,Reddit 306,NULL,F,reddit306@uwaterloo.ca,1234
229,Reddit 307,NULL,O,reddit307@uwaterloo.ca,1234
230,Reddit 308,NULL,F,reddit308@uwaterloo.ca,1234
231,Reddit 309,NULL,M,reddit309@uwaterloo.ca,1234
232,Reddit 31,NULL,M,reddit31@uwaterloo.ca,1234
233,Reddit 310,NULL,F,reddit310@uwaterloo.ca,1234
234,Reddit 311,NULL,M,reddit311@uwaterloo.ca,1234
235,Reddit 312,NULL,M,reddit312@uwaterloo.ca,1234
236,Reddit 313,NULL,M,reddit313@uwaterloo.ca,1234
237,Reddit 314,NULL,M,reddit314@uwaterloo.ca,1234
238,Reddit 315,NULL,F,reddit315@uwaterloo.ca,1234
239,Reddit 316,NULL,M,reddit316@uwaterloo.ca,1234
240,Reddit 317,NULL,M,reddit317@uwaterloo.ca,1234
241,Reddit 318,NULL,M,reddit318@uwaterloo.ca,1234
242,Reddit 319,NULL,F,reddit319@uwaterloo.ca,1234
243,Reddit 32,NULL,F,reddit32@uwaterloo.ca,1234
244,Reddit 321,NULL,F,reddit321@uwaterloo.ca,1234
245,Reddit 322,NULL,M,reddit322@uwaterloo.ca,1234
246,Reddit 323,NULL,F,reddit323@uwaterloo.ca,1234
247,Reddit 324,NULL,F,reddit324@uwaterloo.ca,1234
248,Reddit 325,NULL,O,reddit325@uwaterloo.ca,1234
249,Reddit 326,NULL,O,reddit326@uwaterloo.ca,1234
250,Reddit 327,NULL,F,reddit327@uwaterloo.ca,1234
251,Reddit 328,NULL,M,reddit328@uwaterloo.ca,1234
252,Reddit 329,NULL,O,reddit329@uwaterloo.ca,1234
253,Reddit 33,NULL,F,reddit33@uwaterloo.ca,1234
254,Reddit 330,NULL,F,reddit330@uwaterloo.ca,1234
255,Reddit 332,NULL,A,reddit332@uwaterloo.ca,1234
256,Reddit 333,NULL,M,reddit333@uwaterloo.ca,1234
257,Reddit 34,NULL,O,reddit34@uwaterloo.ca,1234
258,Reddit 35,NULL,O,reddit35@uwaterloo.ca,1234
259,Reddit 36,NULL,M,reddit36@uwaterloo.ca,1234
260,Reddit 37,NULL,F,reddit37@uwaterloo.ca,1234
261,Reddit 38,NULL,M,reddit38@uwaterloo.ca,1234
262,Reddit 39,NULL,M,reddit39@uwaterloo.ca,1234
263,Reddit 4,NULL,M,reddit4@uwaterloo.ca,1234
264,Reddit 40,NULL,F,reddit40@uwaterloo.ca,1234
265,Reddit 41,NULL,F,reddit41@uwaterloo.ca,1234
266,Reddit 42,NULL,M,reddit42@uwaterloo.ca,1234
267,Reddit 43,NULL,F,reddit43@uwaterloo.ca,1234
268,Reddit 44,NULL,M,reddit44@uwaterloo.ca,1234
269,Reddit 45,NULL,O,reddit45@uwaterloo.ca,1234
270,Reddit 46,NULL,O,reddit46@uwaterloo.ca,1234
271,Reddit 47,NULL,M,reddit47@uwaterloo.ca,1234
272,Reddit 48,NULL,O,reddit48@uwaterloo.ca,1234
273,Reddit 49,NULL,O,reddit49@uwaterloo.ca,1234
274,Reddit 5,NULL,F,reddit5@uwaterloo.ca,1234
275,Reddit 50,NULL,O,reddit50@uwaterloo.ca,1234
276,Reddit 51,NULL,M,reddit51@uwaterloo.ca,1234
277,Reddit 52,NULL,M,reddit52@uwaterloo.ca,1234
278,Reddit 53,NULL,O,reddit53@uwaterloo.ca,1234
279,Reddit 54,NULL,O,reddit54@uwaterloo.ca,1234
280,Reddit 55,NULL,F,reddit55@uwaterloo.ca,1234
281,Reddit 56,NULL,F,reddit56@uwaterloo.ca,1234
282,Reddit 57,NULL,O,reddit57@uwaterloo.ca,1234
283,Reddit 58,NULL,M,reddit58@uwaterloo.ca,1234
284,Reddit 59,NULL,A,reddit59@uwaterloo.ca,1234
285,Reddit 6,NULL,M,reddit6@uwaterloo.ca,1234
286,Reddit 60,NULL,M,reddit60@uwaterloo.ca,1234
287,Reddit 61,NULL,O,reddit61@uwaterloo.ca,1234
288,Reddit 62,NULL,O,reddit62@uwaterloo.ca,1234
289,Reddit 63,NULL,F,reddit63@uwaterloo.ca,1234
290,Reddit 64,NULL,M,reddit64@uwaterloo.ca,1234
291,Reddit 65,NULL,M,reddit65@uwaterloo.ca,1234
292,Reddit 66,NULL,F,reddit66@uwaterloo.ca,1234
293,Reddit 67,NULL,M,reddit67@uwaterloo.ca,1234
294,Reddit 68,NULL,M,reddit68@uwaterloo.ca,1234
295,Reddit 69,NULL,M,reddit69@uwaterloo.ca,1234
296,Reddit 7,NULL,O,reddit7@uwaterloo.ca,1234
297,Reddit 70,NULL,M,reddit70@uwaterloo.ca,1234
298,Reddit 71,NULL,M,reddit71@uwaterloo.ca,1234
299,Reddit 74,NULL,F,reddit74@uwaterloo.ca,1234
300,Reddit 75,NULL,F,reddit75@uwaterloo.ca,1234
301,Reddit 76,NULL,F,reddit76@uwaterloo.ca,1234
302,Reddit 77,NULL,M,reddit77@uwaterloo.ca,1234
303,Reddit 78,NULL,F,reddit78@uwaterloo.ca,1234
304,Reddit 79,NULL,M,reddit79@uwaterloo.ca,1234
305,Reddit 8,NULL,F,reddit8@uwaterloo.ca,1234
306,Reddit 80,NULL,M,reddit80@uwaterloo.ca,1234
307,Reddit 81,NULL,F,reddit81@uwaterloo.ca,1234
308,Reddit 82,NULL,F,reddit82@uwaterloo.ca,1234
309,Reddit 83,NULL,F,reddit83@uwaterloo.ca,1234
310,Reddit 84,NULL,M,reddit84@uwaterloo.ca,1234
311,Reddit 85,NULL,O,reddit85@uwaterloo.ca,1234
312,Reddit 86,NULL,M,reddit86@uwaterloo.ca,1234
313,Reddit 87,NULL,F,reddit87@uwaterloo.ca,1234
314,Reddit 88,NULL,M,reddit88@uwaterloo.ca,1234
315,Reddit 89,NULL,F,reddit89@uwaterloo.ca,1234
316,Reddit 9,NULL,F,reddit9@uwaterloo.ca,1234
317,Reddit 90,NULL,F,reddit90@uwaterloo.ca,1234
318,Reddit 91,NULL,M,reddit91@uwaterloo.ca,1234
319,Reddit 92,NULL,M,reddit92@uwaterloo.ca,1234
320,Reddit 93,NULL,M,reddit93@uwaterloo.ca,1234
321,Reddit 94,NULL,O,reddit94@uwaterloo.ca,1234
322,Reddit 95,NULL,F,reddit95@uwaterloo.ca,1234
323,Reddit 96,NULL,M,reddit96@uwaterloo.ca,1234
324,Reddit 97,NULL,M,reddit97@uwaterloo.ca,1234
325,Reddit 98,NULL,M,reddit98@uwaterloo.ca,1234
326,Reddit 99,NULL,M,reddit99@uwaterloo.ca,1234
